{"train/loss": 0.0454, "train/grad_norm": 0.2891252934932709, "train/learning_rate": 1.312995033392328e-09, "train/epoch": 4.0, "train/global_step": 2908, "_timestamp": 1713163407.7275987, "_runtime": 12521.927484750748, "_step": 581, "train_runtime": 12523.5103, "train_samples_per_second": 1.859, "train_steps_per_second": 0.232, "total_flos": 7.895462019024814e+17, "train_loss": 0.21953532690031163, "_wandb": {"runtime": 13115}}