{"train/loss": 0.2134, "train/grad_norm": 0.521043062210083, "train/learning_rate": 5.828077023651845e-07, "train/epoch": 3.0, "train/global_step": 138, "_timestamp": 1713766828.633297, "_runtime": 660.6475160121918, "_step": 27, "train_runtime": 666.6652, "train_samples_per_second": 3.281, "train_steps_per_second": 0.207, "total_flos": 1.0185768251582054e+17, "train_loss": 0.3193383843138598, "_wandb": {"runtime": 657}}